-- MySQL dump 10.13  Distrib 8.0.19, for Win64 (x86_64)
--
-- Host: localhost    Database: db_webboard
-- ------------------------------------------------------
-- Server version	5.5.5-10.4.28-MariaDB

/*!40101 SET @OLD_CHARACTER_SET_CLIENT=@@CHARACTER_SET_CLIENT */;
/*!40101 SET @OLD_CHARACTER_SET_RESULTS=@@CHARACTER_SET_RESULTS */;
/*!40101 SET @OLD_COLLATION_CONNECTION=@@COLLATION_CONNECTION */;
/*!50503 SET NAMES utf8mb4 */;
/*!40103 SET @OLD_TIME_ZONE=@@TIME_ZONE */;
/*!40103 SET TIME_ZONE='+00:00' */;
/*!40014 SET @OLD_UNIQUE_CHECKS=@@UNIQUE_CHECKS, UNIQUE_CHECKS=0 */;
/*!40014 SET @OLD_FOREIGN_KEY_CHECKS=@@FOREIGN_KEY_CHECKS, FOREIGN_KEY_CHECKS=0 */;
/*!40101 SET @OLD_SQL_MODE=@@SQL_MODE, SQL_MODE='NO_AUTO_VALUE_ON_ZERO' */;
/*!40111 SET @OLD_SQL_NOTES=@@SQL_NOTES, SQL_NOTES=0 */;

--
-- Table structure for table `tb_comment`
--

DROP TABLE IF EXISTS `tb_comment`;
/*!40101 SET @saved_cs_client     = @@character_set_client */;
/*!50503 SET character_set_client = utf8mb4 */;
CREATE TABLE `tb_comment` (
  `id` int(11) NOT NULL AUTO_INCREMENT,
  `topic_id` int(11) NOT NULL,
  `member_id` int(11) NOT NULL,
  `detail` text NOT NULL,
  PRIMARY KEY (`id`)
) ENGINE=InnoDB AUTO_INCREMENT=12 DEFAULT CHARSET=utf8mb4 COLLATE=utf8mb4_general_ci;
/*!40101 SET character_set_client = @saved_cs_client */;

--
-- Dumping data for table `tb_comment`
--

LOCK TABLES `tb_comment` WRITE;
/*!40000 ALTER TABLE `tb_comment` DISABLE KEYS */;
INSERT INTO `tb_comment` VALUES (1,1,1,'testtest'),(2,1,1,'test 22'),(3,1,1,'asdawd'),(4,2,1,'ad'),(5,2,1,'ff'),(6,2,1,'a'),(7,1,3,'ddd'),(8,3,3,'fgedaz'),(9,3,3,'wqwq'),(10,3,3,'gggs'),(11,2,3,'rrr');
/*!40000 ALTER TABLE `tb_comment` ENABLE KEYS */;
UNLOCK TABLES;

--
-- Table structure for table `tb_member`
--

DROP TABLE IF EXISTS `tb_member`;
/*!40101 SET @saved_cs_client     = @@character_set_client */;
/*!50503 SET character_set_client = utf8mb4 */;
CREATE TABLE `tb_member` (
  `id` int(11) NOT NULL AUTO_INCREMENT,
  `name` varchar(255) NOT NULL,
  `user` varchar(255) NOT NULL,
  `pass` varchar(255) NOT NULL,
  PRIMARY KEY (`id`)
) ENGINE=InnoDB AUTO_INCREMENT=4 DEFAULT CHARSET=utf8mb4 COLLATE=utf8mb4_general_ci;
/*!40101 SET character_set_client = @saved_cs_client */;

--
-- Dumping data for table `tb_member`
--

LOCK TABLES `tb_member` WRITE;
/*!40000 ALTER TABLE `tb_member` DISABLE KEYS */;
INSERT INTO `tb_member` VALUES (1,'admin','admin','1234'),(2,'parn','parn','1234567'),(3,'azadmin','azadmin','1234');
/*!40000 ALTER TABLE `tb_member` ENABLE KEYS */;
UNLOCK TABLES;

--
-- Table structure for table `tb_topic`
--

DROP TABLE IF EXISTS `tb_topic`;
/*!40101 SET @saved_cs_client     = @@character_set_client */;
/*!50503 SET character_set_client = utf8mb4 */;
CREATE TABLE `tb_topic` (
  `id` int(11) NOT NULL AUTO_INCREMENT,
  `topic` varchar(255) NOT NULL,
  `member_id` int(11) NOT NULL,
  PRIMARY KEY (`id`)
) ENGINE=InnoDB AUTO_INCREMENT=4 DEFAULT CHARSET=utf8mb4 COLLATE=utf8mb4_general_ci;
/*!40101 SET character_set_client = @saved_cs_client */;

--
-- Dumping data for table `tb_topic`
--

LOCK TABLES `tb_topic` WRITE;
/*!40000 ALTER TABLE `tb_topic` DISABLE KEYS */;
INSERT INTO `tb_topic` VALUES (1,'test',1),(2,'test2',1),(3,'test3\r\n',1);
/*!40000 ALTER TABLE `tb_topic` ENABLE KEYS */;
UNLOCK TABLES;

--
-- Dumping routines for database 'db_webboard'
--
/*!40103 SET TIME_ZONE=@OLD_TIME_ZONE */;

/*!40101 SET SQL_MODE=@OLD_SQL_MODE */;
/*!40014 SET FOREIGN_KEY_CHECKS=@OLD_FOREIGN_KEY_CHECKS */;
/*!40014 SET UNIQUE_CHECKS=@OLD_UNIQUE_CHECKS */;
/*!40101 SET CHARACTER_SET_CLIENT=@OLD_CHARACTER_SET_CLIENT */;
/*!40101 SET CHARACTER_SET_RESULTS=@OLD_CHARACTER_SET_RESULTS */;
/*!40101 SET COLLATION_CONNECTION=@OLD_COLLATION_CONNECTION */;
/*!40111 SET SQL_NOTES=@OLD_SQL_NOTES */;

-- Dump completed on 2023-10-31  0:51:59
